{"article_lst": ["the", "female", "representation", "in", "various", "employment", "sectors", "#", "#"], "decoded_lst": ["This", "graphs", "shows", "the", "female", "representation", "in", "various", "employment", "sectors.|endoftext|\n|endoftext||endoftext||endoftext||endoftext||endoftext||endoftext||endoftext||endoftext||endoftext||endoftext||endoftext|"], "abstract_str": "Empty reference summary", "attn_dists": [[1.7039321e-38, 0.99999899, 6.7867406e-10, 1.0452509e-30, 2.3545628e-33, 2.8325709e-35, 8.7720703e-35, 0.0, 0.0], [1.6844997e-32, 0.99999899, 1.7607997e-12, 1.785138e-26, 7.6160769e-27, 1.659257e-28, 4.2238887e-27, 0.0, 0.0], [1.5042849e-12, 0.00032307644, 0.99956506, 8.8868088e-05, 1.2816468e-05, 2.3073012e-06, 6.5093946e-06, 9.3882078e-34, 9.3882078e-34], [0.99999857, 4.7683027e-26, 0.0, 0.0, 0.0, 0.0, 0.0, 5.5683808e-21, 5.5683808e-21], [0.99999875, 5.3974129e-15, 0.0, 0.0, 0.0, 0.0, 0.0, 8.9226657e-32, 8.9226657e-32], [0.0, 0.99999899, 2.607223e-31, 0.0, 0.0, 0.0, 0.0, 0.0, 0.0], [0.0, 0.057462268, 0.78851479, 0.0059952172, 0.11225187, 0.0038691051, 0.031905167, 0.0, 0.0], [7.4675872e-18, 0.99999899, 9.3031495e-22, 9.7344834e-35, 2.0730628e-34, 8.0742866e-36, 2.0601833e-34, 8.3923373e-36, 8.3923373e-36], [2.63119e-35, 0.99999899, 6.8772973e-33, 0.0, 0.0, 0.0, 0.0, 0.0, 0.0], [1.2235933e-34, 0.99999899, 9.3275108e-28, 0.0, 0.0, 0.0, 0.0, 0.0, 0.0], [4.6061902e-34, 0.99999899, 1.6358181e-15, 2.9915599e-34, 9.8509964e-37, 0.0, 4.1636778e-38, 0.0, 0.0], [0.0, 7.3448632e-08, 0.99999708, 1.9146575e-09, 3.983999e-10, 6.8827458e-11, 9.8772136e-11, 0.0, 0.0], [0.0, 0.0, 0.0, 0.0, 0.0, 0.0, 0.0, 0.0, 0.0], [0.0, 0.0, 0.0, 0.0, 0.0, 0.0, 0.0, 0.0, 0.0], [0.0, 0.0, 0.0, 0.0, 0.0, 0.0, 0.0, 0.0, 0.0], [0.0, 0.0, 0.0, 0.0, 0.0, 0.0, 0.0, 0.0, 0.0], [0.0, 0.0, 0.0, 0.0, 0.0, 0.0, 0.0, 0.0, 0.0], [0.0, 0.0, 0.0, 0.0, 0.0, 0.0, 0.0, 0.0, 0.0], [0.0, 0.0, 0.0, 0.0, 0.0, 0.0, 0.0, 0.0, 0.0], [0.0, 0.0, 0.0, 0.0, 0.0, 0.0, 0.0, 0.0, 0.0], [0.0, 0.0, 0.0, 0.0, 0.0, 0.0, 0.0, 0.0, 0.0], [0.0, 0.0, 0.0, 0.0, 0.0, 0.0, 0.0, 0.0, 0.0], [0.0, 0.0, 0.0, 0.0, 0.0, 0.0, 0.0, 0.0, 0.0], [0.0, 0.0, 0.0, 0.0, 0.0, 0.0, 0.0, 0.0, 0.0]], "p_gens": [1, 1, 1, 8.0065096e-05, 4.90886914e-11, 0.997119069, 1, 1, 1, 1, 1, 1, 0.999999762, 0.99997735, 1, 1, 1, 1, 1, 1, 1, 1, 1, 1]}