{"article_lst": ["number", "of", "top", "100", "universities", "in", "each", "continent", "#", "#", "#", "#", "#", "#"], "decoded_lst": ["This", "chart", "shows", "the", "number", "of", "top", "100", "universities", "in", "each", "continent.|endoftext|"], "abstract_str": "Empty reference summary", "attn_dists": [[0.0, 0.999998987, 7.44496591e-16, 3.51276309e-28, 1.28999907e-30, 1.46098946e-32, 3.55490562e-32, 3.36683587e-31, 0.0, 0.0, 0.0, 0.0, 0.0, 0.0], [0.0, 0.0, 1.13920235e-15, 0.00252125785, 0.0828958228, 0.403404832, 0.363922358, 0.147254527, 0.0, 0.0, 0.0, 0.0, 0.0, 0.0], [0.0, 0.0, 7.00258588e-19, 2.20982183e-05, 0.0144754909, 0.000704899547, 0.00523553789, 0.979560852, 0.0, 0.0, 0.0, 0.0, 0.0, 0.0], [0.999998808, 4.22114181e-36, 0.0, 0.0, 0.0, 0.0, 0.0, 0.0, 2.29984058e-28, 2.29984058e-28, 2.29984058e-28, 2.29984058e-28, 2.29984058e-28, 2.29984058e-28], [0.999998987, 0.0, 0.0, 0.0, 0.0, 0.0, 0.0, 0.0, 6.62732505e-30, 6.62732505e-30, 6.62732505e-30, 6.62732505e-30, 6.62732505e-30, 6.62732505e-30], [0.0, 0.999998748, 0.0, 0.0, 0.0, 0.0, 0.0, 0.0, 0.0, 0.0, 0.0, 0.0, 0.0, 0.0], [0.0, 0.999998987, 0.0, 0.0, 0.0, 0.0, 0.0, 0.0, 0.0, 0.0, 0.0, 0.0, 0.0, 0.0], [0.0, 0.999998987, 0.0, 0.0, 0.0, 0.0, 0.0, 0.0, 0.0, 0.0, 0.0, 0.0, 0.0, 0.0], [0.0, 0.999998987, 0.0, 0.0, 0.0, 0.0, 0.0, 0.0, 0.0, 0.0, 0.0, 0.0, 0.0, 0.0], [0.0, 0.999998987, 5.57722995e-35, 0.0, 0.0, 0.0, 0.0, 0.0, 0.0, 0.0, 0.0, 0.0, 0.0, 0.0], [1.21981331e-31, 0.999998987, 0.0, 0.0, 0.0, 0.0, 0.0, 0.0, 0.0, 0.0, 0.0, 0.0, 0.0, 0.0], [0.0, 0.999998987, 0.0, 0.0, 0.0, 0.0, 0.0, 0.0, 0.0, 0.0, 0.0, 0.0, 0.0, 0.0], [0.0, 2.71777186e-31, 8.09735173e-14, 0.00477225892, 0.128845364, 0.00341406022, 0.0106586842, 0.852306008, 0.0, 0.0, 0.0, 0.0, 0.0, 0.0], [2.34276411e-21, 0.999998212, 7.9118854e-07, 1.24166666e-15, 3.49204288e-17, 7.26260359e-18, 2.59654939e-17, 3.81152253e-17, 0.0, 0.0, 0.0, 0.0, 0.0, 0.0]], "p_gens": [1, 1, 1, 0.999999881, 1.01683439e-09, 1.03417906e-05, 1, 1, 1, 1, 0.999999881, 1, 1, 1]}