{"article_lst": ["female", "representation", "in", "various", "university", "departments"], "decoded_lst": ["This", "graphs", "shows", "female", "representation", "in", "various", "university", "departments.|endoftext||endoftext||endoftext|This", "graphs", "shows", "female", "representation", "in", "various", "university", "departments."], "abstract_str": "Empty reference summary", "attn_dists": [[0.0, 0.00011648887, 0.028142158, 0.11311217, 0.85496312, 0.0036650442], [0.0, 0.99999887, 2.4985588e-24, 1.5885733e-34, 3.9538193e-34, 1.9922039e-35], [4.0884447e-14, 0.99999899, 9.0008961e-26, 1.4026825e-37, 0.0, 0.0], [0.99999857, 2.9128843e-26, 0.0, 0.0, 0.0, 0.0], [0.0, 0.99999899, 0.0, 0.0, 0.0, 0.0], [0.0, 0.020406287, 4.6211902e-05, 0.0059031313, 0.87264311, 0.10099967], [1.7710637e-23, 0.99999899, 1.6520262e-37, 0.0, 0.0, 0.0], [0.0, 0.99999899, 0.0, 0.0, 0.0, 0.0], [0.0, 0.99999899, 0.0, 0.0, 0.0, 0.0], [0.0, 0.0, 1.8603406e-18, 0.00025085552, 0.86011654, 0.13963006], [0.0, 0.07466387, 0.92440677, 0.00012976472, 0.0007537214, 4.2753622e-05], [0.0, 0.0, 0.0, 0.0, 0.0, 0.0], [0.0, 0.0, 0.0, 0.0, 0.0, 0.0], [0.0, 0.0, 0.0, 0.0, 0.0, 0.0], [0.0, 0.0, 0.0, 0.0, 0.0, 0.0], [0.0, 0.0, 0.0, 0.0, 0.0, 0.0], [0.0, 0.0, 0.0, 0.0, 0.0, 0.0], [0.0, 0.0, 0.0, 0.0, 0.0, 0.0], [0.0, 0.0, 0.0, 0.0, 0.0, 0.0], [0.0, 0.0, 0.0, 0.0, 0.0, 0.0], [0.0, 0.0, 0.0, 0.0, 0.0, 0.0], [0.0, 0.0, 0.0, 0.0, 0.0, 0.0], [0.0, 0.0, 0.0, 0.0, 0.0, 0.0]], "p_gens": [1, 0.999997854, 1, 2.14861357e-05, 4.32736735e-09, 1, 1, 1, 1, 1, 1, 0.999998569, 0.999982476, 0.999829054, 0.999914289, 1, 0.973124564, 0.0015568547, 1, 1, 1, 1, 1]}