{"article_lst": ["what", "causes", "obesity", "#", "#", "#", "#"], "decoded_lst": ["This", "graph", "shows", "what", "causes", "obesity", "or", "is", "a", "factor", "in", "someone", "becoming", "obese.|endoftext||endoftext||endoftext|This", "graph"], "abstract_str": "Empty reference summary", "attn_dists": [[0.0, 0.999998987, 3.40164004e-20, 0.0, 0.0, 0.0, 0.0], [7.08055275e-33, 0.996412396, 0.00358655537, 0.0, 0.0, 0.0, 0.0], [0.00017245987, 0.99982655, 1.24466257e-10, 3.31963442e-25, 3.31963442e-25, 3.31963442e-25, 3.31963442e-25], [0.999998212, 5.68159926e-29, 0.0, 7.89443599e-19, 7.89443599e-19, 7.89443599e-19, 7.89443599e-19], [1.23759668e-38, 0.999998987, 1.28749357e-31, 0.0, 0.0, 0.0, 0.0], [0.0, 0.999998987, 4.12188827e-37, 0.0, 0.0, 0.0, 0.0], [0.0, 6.69364013e-08, 0.999997139, 0.0, 0.0, 0.0, 0.0], [0.0, 1.14980924e-30, 0.999997616, 0.0, 0.0, 0.0, 0.0], [0.0, 0.999998987, 8.28923939e-32, 0.0, 0.0, 0.0, 0.0], [9.09567921e-33, 0.999998987, 0.0, 0.0, 0.0, 0.0, 0.0], [0.0, 0.0, 0.999997318, 0.0, 0.0, 0.0, 0.0], [0.0, 0.999998987, 2.54107417e-34, 0.0, 0.0, 0.0, 0.0], [0.0, 0.999998987, 4.57804899e-36, 0.0, 0.0, 0.0, 0.0], [0.0, 0.999998987, 1.23277536e-33, 0.0, 0.0, 0.0, 0.0], [0.0, 8.25926261e-09, 0.999997258, 0.0, 0.0, 0.0, 0.0], [7.17400162e-33, 0.999998987, 4.0289877e-13, 0.0, 0.0, 0.0, 0.0], [0.0, 0.0, 0.0, 0.0, 0.0, 0.0, 0.0], [0.0, 0.0, 0.0, 0.0, 0.0, 0.0, 0.0], [0.0, 0.0, 0.0, 0.0, 0.0, 0.0, 0.0], [0.0, 0.0, 0.0, 0.0, 0.0, 0.0, 0.0]], "p_gens": [1, 1, 0.999999166, 3.43643308e-07, 1.03576835e-10, 0.999999881, 1, 1, 0.999999881, 1, 1, 1, 1, 1, 1, 1, 0.999999881, 1, 1, 1]}