{"article_lst": ["average", "annual", "salary", "for", "software", "engineers", "relative", "to", "their", "degree"], "decoded_lst": ["This", "charts", "shows", "the", "average", "annual", "salary", "for", "software", "engineers", "relative", "to", "their", "degree.|endoftext|"], "abstract_str": "Empty reference summary", "attn_dists": [[0.0, 7.16627143e-16, 0.996351063, 0.00246047019, 0.00109270867, 1.23304662e-05, 7.31046748e-06, 6.94810224e-05, 8.71548309e-07, 4.73327373e-06], [0.0, 0.0, 1.95287793e-22, 3.69835798e-05, 0.0985967144, 0.0451270007, 0.0734518617, 0.244012445, 0.0205059722, 0.51826787], [0.0, 0.0, 2.7753791e-29, 5.19660898e-05, 0.704262555, 0.0247048009, 0.0106361797, 0.23159273, 0.00148805277, 0.027262643], [0.999998808, 2.04821912e-29, 0.0, 0.0, 0.0, 0.0, 0.0, 0.0, 0.0, 0.0], [0.999998987, 3.99188301e-32, 0.0, 0.0, 0.0, 0.0, 0.0, 0.0, 0.0, 0.0], [0.0, 0.999998569, 0.0, 0.0, 0.0, 0.0, 0.0, 0.0, 0.0, 0.0], [0.0, 0.999998748, 0.0, 0.0, 0.0, 0.0, 0.0, 0.0, 0.0, 0.0], [0.0, 0.999998987, 0.0, 0.0, 0.0, 0.0, 0.0, 0.0, 0.0, 0.0], [0.0, 0.999998987, 0.0, 0.0, 0.0, 0.0, 0.0, 0.0, 0.0, 0.0], [0.0, 0.999998987, 0.0, 0.0, 0.0, 0.0, 0.0, 0.0, 0.0, 0.0], [0.0, 0.999998987, 0.0, 0.0, 0.0, 0.0, 0.0, 0.0, 0.0, 0.0], [0.0, 0.999998987, 0.0, 0.0, 0.0, 0.0, 0.0, 0.0, 0.0, 0.0], [5.00058741e-34, 0.999998987, 0.0, 0.0, 0.0, 0.0, 0.0, 0.0, 0.0, 0.0], [0.0, 0.999998987, 0.0, 0.0, 0.0, 0.0, 0.0, 0.0, 0.0, 0.0], [0.0, 9.04261486e-21, 7.76747763e-11, 0.0125026889, 0.874608278, 0.0194410365, 0.00660987524, 0.0701154396, 0.00146901049, 0.0152496574], [0.0, 0.0, 2.20079052e-16, 0.000684087456, 0.107950255, 0.0572329722, 0.0894574746, 0.443272293, 0.115651399, 0.1857474]], "p_gens": [1, 1, 1, 0.999988794, 2.16026914e-12, 1.00420131e-07, 1, 1, 1, 1, 1, 1, 1, 1, 1, 1]}