{"article_lst": ["gender", "pay", "gap", "Germany,", "Spain", "and", "the", "UK"], "decoded_lst": ["This", "graph", "shows", "a", "gender", "pay", "gap", "in", "Germany,", "Spain", "and", "the", "UK.|endoftext|"], "abstract_str": "Empty reference summary", "attn_dists": [[0.0, 0.999998748, 2.4794474e-07, 2.18087098e-14, 3.73678844e-13, 3.91804784e-17, 6.14579102e-16, 3.60025764e-15, 2.35265254e-16], [7.98258561e-34, 0.999998987, 7.27127301e-26, 0.0, 1.55087441e-37, 0.0, 0.0, 0.0, 0.0], [0.0, 0.999998987, 9.47733398e-20, 1.8851685e-32, 1.24042189e-30, 4.03026876e-35, 3.54488666e-34, 1.75907073e-33, 6.3042561e-34], [0.999998212, 9.85233597e-29, 0.0, 0.0, 0.0, 0.0, 0.0, 0.0, 0.0], [0.99999845, 1.27727322e-34, 0.0, 0.0, 0.0, 0.0, 0.0, 0.0, 0.0], [0.0, 0.999998987, 0.0, 0.0, 0.0, 0.0, 0.0, 0.0, 0.0], [0.0, 0.999998987, 0.0, 0.0, 0.0, 0.0, 0.0, 0.0, 0.0], [0.0, 5.88895864e-06, 0.000282025401, 0.000497462868, 0.920720339, 0.000304832443, 0.00739486516, 0.0692231432, 0.00156861846], [1.95862626e-24, 0.999998987, 0.0, 0.0, 0.0, 0.0, 0.0, 0.0, 0.0], [0.0, 0.999998987, 0.0, 0.0, 0.0, 0.0, 0.0, 0.0, 0.0], [8.30223717e-28, 0.999998987, 1.44111352e-31, 0.0, 0.0, 0.0, 0.0, 0.0, 0.0], [0.0, 4.855141e-23, 5.28783527e-12, 0.000125175997, 0.953516006, 0.000561931112, 0.0059722052, 0.0289866235, 0.0108343409], [1.7948823e-34, 0.999998987, 1.16109137e-20, 1.84889444e-30, 3.52395045e-29, 1.39336444e-32, 2.31342672e-31, 8.49049131e-31, 1.69787358e-31], [1.39443288e-31, 0.999998987, 0.0, 0.0, 0.0, 0.0, 0.0, 0.0, 0.0], [0.0, 1.05462099e-14, 7.9798923e-09, 0.000550174038, 0.983357489, 0.00061204849, 0.00667845272, 0.00728293182, 0.00151539186], [1.65195829e-35, 0.999998152, 8.10613756e-07, 1.08209584e-16, 1.76695811e-16, 1.14999788e-18, 6.01330858e-18, 1.76068421e-17, 2.69558888e-18]], "p_gens": [1, 1, 1, 0.999994874, 1.16323493e-08, 2.91970446e-05, 0.999999881, 1, 0.999997616, 0.999999762, 1, 1, 1, 0.999999881, 1, 1]}