{"article_lst": ["average", "salary", "earned", "by", "women", "between", "years", "2000", "and", "2015"], "decoded_lst": ["This", "charts", "shows", "the", "average", "salary", "earned", "by", "women", "between", "the", "years", "2000", "and", "2015.|endoftext|"], "abstract_str": "Empty reference summary", "attn_dists": [[0.0, 0.0, 9.7149164e-21, 1.775777e-07, 2.6476722e-05, 1.3037717e-08, 0.0011835796, 0.6105473, 2.303753e-09, 0.38824147], [0.0, 2.9313691e-20, 2.0480817e-08, 0.0038185823, 0.70016491, 5.1025843e-05, 0.29350176, 0.0013276, 4.1522348e-05, 0.0010934561], [0.0, 5.9932855e-28, 8.5044265e-09, 0.0090503842, 0.81334567, 0.00012431889, 0.16978222, 0.0042695929, 6.9088288e-05, 0.0033576421], [0.99999869, 5.9924939e-32, 0.0, 0.0, 0.0, 0.0, 0.0, 0.0, 0.0, 0.0], [0.99999887, 6.7952832e-35, 0.0, 0.0, 0.0, 0.0, 0.0, 0.0, 0.0, 0.0], [0.0, 0.99999857, 0.0, 0.0, 0.0, 0.0, 0.0, 0.0, 0.0, 0.0], [0.0, 0.99999875, 0.0, 0.0, 0.0, 0.0, 0.0, 0.0, 0.0, 0.0], [0.0, 0.99999899, 0.0, 0.0, 0.0, 0.0, 0.0, 0.0, 0.0, 0.0], [2.0381337e-37, 0.99999899, 0.0, 0.0, 0.0, 0.0, 0.0, 0.0, 0.0, 0.0], [0.0, 0.99999899, 1.4391844e-29, 0.0, 0.0, 0.0, 0.0, 0.0, 0.0, 0.0], [0.0, 0.99999899, 0.0, 0.0, 0.0, 0.0, 0.0, 0.0, 0.0, 0.0], [2.0952366e-33, 0.99999899, 0.0, 0.0, 0.0, 0.0, 0.0, 0.0, 0.0, 0.0], [0.0, 0.99999899, 0.0, 0.0, 0.0, 0.0, 0.0, 0.0, 0.0, 0.0], [0.0, 0.99999893, 1.655275e-15, 8.942502e-17, 7.7042542e-15, 2.0095416e-19, 3.3715516e-14, 1.2007156e-11, 3.6620035e-20, 7.2495499e-12], [0.0, 0.99999899, 0.0, 0.0, 0.0, 0.0, 0.0, 0.0, 0.0, 0.0], [0.0, 0.99999899, 5.7732117e-33, 0.0, 0.0, 0.0, 0.0, 0.0, 0.0, 0.0], [0.0, 2.8410383e-18, 0.020149518, 0.21727137, 0.27260122, 0.11999364, 0.10231677, 0.0017343438, 0.26383743, 0.002091178]], "p_gens": [1, 1, 1, 0.999998212, 3.15113257e-12, 1.51033319e-08, 0.999998689, 0.999999881, 1, 0.999999881, 1, 1, 1, 1, 1, 1, 1]}